<?xml version="1.0" encoding="windows-1251"?>

<string_table>
	<string id="ui_mm_title_modded_exes">
		<text>Modded Exes</text>
	</string>
	<string id="ui_mm_menu_modded_exes">
		<text>Modded Exes</text>
	</string>

	<string id="ui_mm_modded_exes_sds_enable">
		<text>Shader Scopes Enable (sds_enable)</text>
	</string>
	<string id="ui_mm_modded_exes_sds_speed_enable">
		<text>Shader Scopes Mouse Sensitivity Change On Zoom (sds_speed_enable)</text>
	</string>
	<string id="ui_mm_modded_exes_sds_zoom_enable">
		<text>Shader Scopes Correct Zoom Factor (sds_zoom_enable)</text>
	</string>
	<string id="ui_mm_modded_exes_new_zoom_enable">
		<text>Shader Scopes Smooth Zoom Change (new_zoom_enable)</text>
	</string>
	<string id="ui_mm_modded_exes_zoom_step_count">
		<text>Shader Scopes Smooth Zoom Step Count (zoom_step_count)</text>
	</string>
	<string id="ui_mm_modded_exes_scope_blur_inner">
		<text>Shader Scopes Blur Inside Scope (scope_blur_inner)</text>
	</string>
	<string id="ui_mm_modded_exes_scope_blur_outer">
		<text>Shader Scopes Blur Outside Scope (scope_blur_outer)</text>
	</string>
	<string id="ui_mm_modded_exes_scope_brightness">
		<text>Shader Scopes Outside Brightness (scope_brightness)</text>
	</string>
	<string id="ui_mm_modded_exes_scope_ca">
		<text>Shader Scopes Chromatic Abberation (scope_ca)</text>
	</string>
	<string id="ui_mm_modded_exes_scope_fog_radius">
		<text>Shader Scopes Fog Radius (scope_fog_radius)</text>
	</string>
	<string id="ui_mm_modded_exes_scope_fog_interp">
		<text>Shader Scopes Fog Travel Speed (scope_fog_interp)</text>
	</string>
	<string id="ui_mm_modded_exes_scope_fog_sharp">
		<text>Shader Scopes Fog Sharpness (scope_fog_sharp)</text>
	</string>
	<string id="ui_mm_modded_exes_scope_fog_swayAim">
		<text>Shader Scopes Fog Sway with Mouse (scope_fog_swayAim)</text>
	</string>
	<string id="ui_mm_modded_exes_scope_fog_swayMove">
		<text>Shader Scopes Fog Sway with Movement (scope_fog_swayMove)</text>
	</string>
	<string id="ui_mm_modded_exes_scope_fog_travel">
		<text>Shader Scopes Fog Max Travel Distance (scope_fog_travel)</text>
	</string>

	<string id="ui_mm_modded_exes_crash_save">
		<text>Crash Saves Enable (crash_save)</text>
	</string>
	<string id="ui_mm_modded_exes_crash_save_count">
		<text>Crash Saves Count (crash_save_count)</text>
	</string>

	<string id="ui_mm_modded_exes_snd_doppler_power">
		<text>Sound Doppler Effect Strength (snd_doppler_power)</text>
	</string>
	<string id="ui_mm_modded_exes_snd_doppler_smoothing">
		<text>Sound Doppler Effect Smoothing (snd_doppler_smoothing)</text>
	</string>

	<string id="ui_mm_modded_exes_first_person_death">
		<text>First Person Death Camera (first_person_death)</text>
	</string>
	<string id="ui_mm_modded_exes_first_person_death_position_smoothing">
		<text>FPD Camera Position Change Smoothing (first_person_death_position_smoothing)</text>
	</string>
	<string id="ui_mm_modded_exes_first_person_death_direction_smoothing">
		<text>FPD Camera Direction Change Smoothing (first_person_death_direction_smoothing)</text>
	</string>
	<string id="ui_mm_modded_exes_pseudogiant_can_damage_objects_on_stomp">
		<text>Pseudogiant Damage Objects On Stomp (pseudogiant_can_damage_objects_on_stomp)</text>
	</string>
</string_table>
